{
    "_id": {
        "$oid": "620ca28020140607d8b1071d"
    },
    "gps": {
        "Created": 1644995200251,
        "Latitude": 37.49520874,
        "Longitude": 127.11309814
    },
    "battery": {
        "Created": 1644995200251,
        "Cell01": 0.0,
        "Cell02": 0.0,
        "Cell03": 0.0,
        "Cell04": 0.0,
        "Cell05": 0.0,
        "Cell06": 0.0,
        "Cell07": 0.0,
        "Cell08": 0.0,
        "Cell09": 0.0,
        "Cell10": 0.0,
        "Cell11": 0.0,
        "Cell12": 0.0,
        "Cell13": 0.0,
        "Cell14": 0.0,
        "Cell15": 0.0,
        "Cell16": 0.0,
        "Cell17": 0.0,
        "Cell18": 0.0,
        "Cell19": 0.0,
        "Cell20": 0.0,
        "Cell21": 0.0,
        "Cell22": 0.0,
        "Cell23": 0.0,
        "Cell24": 0.0,
        "Cell25": 0.0,
        "Cell26": 0.0,
        "Cell27": 0.0,
        "Cell28": 0.0,
        "Cell29": 0.0,
        "Cell30": 0.0,
        "Cell31": 0.0,
        "Cell32": 0.0,
        "Cell33": 0.0,
        "Cell34": 0.0,
        "Cell35": 0.0,
        "Cell36": 0.0,
        "Cell37": 0.0,
        "Cell38": 0.0,
        "Cell39": 0.0,
        "Cell40": 0.0,
        "Cell41": 0.0,
        "Cell42": 0.0,
        "Cell43": 0.0,
        "Cell44": 0.0,
        "Cell45": 0.0,
        "Cell46": 0.0,
        "Cell47": 0.0,
        "Cell48": 0.0,
        "Cell49": 0.0,
        "Cell50": 0.0,
        "Cell51": 0.0,
        "Cell52": 0.0,
        "Cell53": 0.0,
        "Cell54": 0.0,
        "Cell55": 0.0,
        "Cell56": 0.0,
        "Cell57": 0.0,
        "Cell58": 0.0,
        "Cell59": 0.0,
        "Cell60": 0.0,
        "Cell61": 0.0,
        "Cell62": 0.0,
        "Cell63": 0.0,
        "Cell64": 0.0,
        "Temp01": -40.0,
        "Temp02": -40.0,
        "Temp03": -40.0,
        "Temp04": -40.0,
        "Temp05": -40.0,
        "Temp06": -40.0,
        "Temp07": -40.0,
        "Temp08": -40.0,
        "Temp09": -40.0,
        "Temp10": -40.0,
        "Temp11": -40.0,
        "Temp12": -40.0,
        "Temp13": -40.0,
        "Temp14": -40.0,
        "Temp15": -40.0,
        "Temp16": -40.0,
        "Temp17": -40.0,
        "Temp18": -40.0,
        "Temp19": -40.0,
        "Temp20": -40.0,
        "Temp21": -40.0,
        "Temp22": -40.0,
        "Temp23": -40.0,
        "Temp24": -40.0,
        "ModVol01": 0.0,
        "ModVol02": 0.0,
        "ModVol03": 0.0,
        "ModVol04": 0.0,
        "ModVol05": 0.0,
        "ModVol06": 0.0,
        "ModVol07": 0.0,
        "ModVol08": 0.0,
        "PackVol": 50.79,
        "InvVol": 0.0,
        "PackSOC": 0.0,
        "PackSOH": 0.0,
        "PackCurr": -0.5,
        "BmsStat": 0,
        "BmsFltLvl": 0.0,
        "RlyStat": 0.0,
        "MaxCellVol": 0.0,
        "AvgCellVol": 0.0,
        "MinCellVol": 0.0,
        "MaxCellNo": 0.0,
        "MinCellNo": 0.0,
        "MaxTemp": -40.0,
        "AvgTemp": -40.0,
        "MinTemp": -40.0,
        "MaxTempNo": 0.0,
        "MinTempNo": 0.0,
        "MaxChgPwr": 0.0,
        "MaxDChgPwr": 0.0,
        "RealPwr": 0.0,
        "AvailCapa": 0.0,
        "WrnCurrOver": 0,
        "WrnCurrUnder": 0,
        "WrnSocOver": 0,
        "WrnSocUnder": 0,
        "WrnCellOver": 0,
        "WrnCellUnder": 0,
        "WrnCellDiff": 0,
        "WrnTempOver": 0,
        "WrnTempUnder": 0,
        "WrnTempDiff": 0,
        "WrnPackOver": 0,
        "WrnPackUnder": 0,
        "FltRlyDrv": 0,
        "FltAuxPwr": 0,
        "FltCsm": 0,
        "FltAfe": 0,
        "FltMcu": 0,
        "FltCurrOver": 0,
        "FltCurrUnder": 0,
        "FltSocOver": 0,
        "FltSocUnder": 0,
        "FltSohUnder": 0,
        "FltRlyAge": 0,
        "FltRlyOpen": 0,
        "FltRlyWeld": 0,
        "FltCellOver": 0,
        "FltCellUnder": 0,
        "FltCellDiff": 0,
        "FltTempOver": 0,
        "FltTempUnder": 0,
        "FltTempDiff": 0,
        "FltPackOver": 0,
        "FltPackUnder": 0
    },
    "mobiId": "3",
    "mobiTypCd": "E",
    "mobiTypNm": "전동차",
    "userId": "3",
    "userNm": "hong gil dong",
    "interfaceDate": "20220216160640301",
    "created": 1644995200251,
    "ctrlServId": 7,
    "mobiRegiNum": "16다0982",
    "battId": 2,
    "eventName": "Bms Initial On",
    "eventCode": "Initial",
    "rentalState": "Rental",
    "rentalStateName": "대여중",
    "_class": "com.garak.ingestor.document.MobilityOriginal"
}
{
    "_id": {
        "$oid": "620ca28020140607d8b1071e"
    },
    "gps": {
        "Created": 1644995200258,
        "Latitude": 37.49533844,
        "Longitude": 127.1137619
    },
    "battery": {
        "Created": 1644995200258,
        "Cell01": 0.0,
        "Cell02": 0.0,
        "Cell03": 0.0,
        "Cell04": 0.0,
        "Cell05": 0.0,
        "Cell06": 0.0,
        "Cell07": 0.0,
        "Cell08": 0.0,
        "Cell09": 0.0,
        "Cell10": 0.0,
        "Cell11": 0.0,
        "Cell12": 0.0,
        "Cell13": 0.0,
        "Cell14": 0.0,
        "Cell15": 0.0,
        "Cell16": 0.0,
        "Cell17": 0.0,
        "Cell18": 0.0,
        "Cell19": 0.0,
        "Cell20": 0.0,
        "Cell21": 0.0,
        "Cell22": 0.0,
        "Cell23": 0.0,
        "Cell24": 0.0,
        "Cell25": 0.0,
        "Cell26": 0.0,
        "Cell27": 0.0,
        "Cell28": 0.0,
        "Cell29": 0.0,
        "Cell30": 0.0,
        "Cell31": 0.0,
        "Cell32": 0.0,
        "Cell33": 0.0,
        "Cell34": 0.0,
        "Cell35": 0.0,
        "Cell36": 0.0,
        "Cell37": 0.0,
        "Cell38": 0.0,
        "Cell39": 0.0,
        "Cell40": 0.0,
        "Cell41": 0.0,
        "Cell42": 0.0,
        "Cell43": 0.0,
        "Cell44": 0.0,
        "Cell45": 0.0,
        "Cell46": 0.0,
        "Cell47": 0.0,
        "Cell48": 0.0,
        "Cell49": 0.0,
        "Cell50": 0.0,
        "Cell51": 0.0,
        "Cell52": 0.0,
        "Cell53": 0.0,
        "Cell54": 0.0,
        "Cell55": 0.0,
        "Cell56": 0.0,
        "Cell57": 0.0,
        "Cell58": 0.0,
        "Cell59": 0.0,
        "Cell60": 0.0,
        "Cell61": 0.0,
        "Cell62": 0.0,
        "Cell63": 0.0,
        "Cell64": 0.0,
        "Temp01": -40.0,
        "Temp02": -40.0,
        "Temp03": -40.0,
        "Temp04": -40.0,
        "Temp05": -40.0,
        "Temp06": -40.0,
        "Temp07": -40.0,
        "Temp08": -40.0,
        "Temp09": -40.0,
        "Temp10": -40.0,
        "Temp11": -40.0,
        "Temp12": -40.0,
        "Temp13": -40.0,
        "Temp14": -40.0,
        "Temp15": -40.0,
        "Temp16": -40.0,
        "Temp17": -40.0,
        "Temp18": -40.0,
        "Temp19": -40.0,
        "Temp20": -40.0,
        "Temp21": -40.0,
        "Temp22": -40.0,
        "Temp23": -40.0,
        "Temp24": -40.0,
        "ModVol01": 0.0,
        "ModVol02": 0.0,
        "ModVol03": 0.0,
        "ModVol04": 0.0,
        "ModVol05": 0.0,
        "ModVol06": 0.0,
        "ModVol07": 0.0,
        "ModVol08": 0.0,
        "PackVol": 49.48,
        "InvVol": 0.0,
        "PackSOC": 0.0,
        "PackSOH": 0.0,
        "PackCurr": 0.0,
        "BmsStat": 0,
        "BmsFltLvl": 0.0,
        "RlyStat": 0.0,
        "MaxCellVol": 0.0,
        "AvgCellVol": 0.0,
        "MinCellVol": 0.0,
        "MaxCellNo": 0.0,
        "MinCellNo": 0.0,
        "MaxTemp": -40.0,
        "AvgTemp": -40.0,
        "MinTemp": -40.0,
        "MaxTempNo": 0.0,
        "MinTempNo": 0.0,
        "MaxChgPwr": 0.0,
        "MaxDChgPwr": 0.0,
        "RealPwr": 0.0,
        "AvailCapa": 0.0,
        "WrnCurrOver": 0,
        "WrnCurrUnder": 0,
        "WrnSocOver": 0,
        "WrnSocUnder": 0,
        "WrnCellOver": 0,
        "WrnCellUnder": 0,
        "WrnCellDiff": 0,
        "WrnTempOver": 0,
        "WrnTempUnder": 0,
        "WrnTempDiff": 0,
        "WrnPackOver": 0,
        "WrnPackUnder": 0,
        "FltRlyDrv": 0,
        "FltAuxPwr": 0,
        "FltCsm": 0,
        "FltAfe": 0,
        "FltMcu": 0,
        "FltCurrOver": 0,
        "FltCurrUnder": 0,
        "FltSocOver": 0,
        "FltSocUnder": 0,
        "FltSohUnder": 0,